Bloques;Desarrollo;PC;Rango;GF;Area Bruta (ha);Area Neta (ha);Poblacion ;Densidad;Fecha l Forzamiento;Fecha ll pase de forza;Peso Medio a forza;Rango de peso;Peso fruta proyectada;Fecha de siembra;Edad desde siembra (pc) /cosecha(sc);Sem Estimada a Cosechar;Fecha muestreo de meristemo
400724;PC;PC400724;R3;3325;0,50;0,46;32979;71693;14/08/2025;15/08/2025;2,88;2,8 a 2,89;1,44;29/9/24;10,70;0126;#REF!
401724;PC;PC401724;R3;3325;0,43;0,40;27298;68245;14/08/2025;15/08/2025;2,86;2,8 a 2,89;1,43;6/10/24;10,60;0126;#REF!
402424;PC;PC402424;R0;3325;0,30;0,28;19016;67914;14/08/2025;15/08/2025;2,81;2,8 a 2,89;1,41;6/10/24;10,50;0126;#REF!
402524;PC;PC402524;R3;3325;0,70;0,64;44003;68755;14/08/2025;15/08/2025;2,83;2,8 a 2,89;1,42;6/10/24;10,40;0126;#REF!
660324;PC;PC660324;R2;3325;0,38;0,34;24654;72512;14/08/2025;15/08/2025;2,97;2,9 a 2,99;1,63;13/10/24;10,30;0126;#REF!
660424;PC;PC660424;R1;3325;0,50;0,46;31810;69152;14/08/2025;15/08/2025;2,84;2,8 a 2,89;1,56;13/10/24;10,30;0126;#REF!
660524;PC;PC660524;R3;3325;0,18;0,16;11315;70719;14/08/2025;15/08/2025;2,94;2,9 a 2,99;1,62;13/10/24;10,40;0126;#REF!
660724;PC;PC660724;R3;3325;0,59;0,55;37788;68705;14/08/2025;15/08/2025;2,92;2,9 a 2,99;1,61;13/10/24;10,30;0126;#REF!
660924;PC;PC660924;R2;3325;0,20;0,15;10433;69553;14/08/2025;15/08/2025;2,97;2,9 a 2,99;1,63;13/10/24;10,30;0126;#REF!
661124;PC;PC661124;R2;3325;0,10;0,09;6492;72133;14/08/2025;15/08/2025;2,95;2,9 a 2,99;1,62;13/10/24;10,30;0126;#REF!
661324;PC;PC661324;R2;3325;0,77;0,71;50921;71720;14/08/2025;15/08/2025;2,95;2,9 a 2,99;1,62;20/10/24;10,00;0126;#REF!
661424;PC;PC661424;R3;3325;0,60;0,55;39769;72307;14/08/2025;15/08/2025;3,04;>=3,0;1,67;20/10/24;10,10;0126;#REF!
560523;SC;SC560523;R2;3325;0,18;0,17;12103;71194;14/08/2025;15/08/2025;2,80;2,8 a 2,89;1,51;27/8/24;11,90;0126;#REF!
561023;SC;SC561023;R1;3325;0,05;0,05;3432;68640;14/08/2025;15/08/2025;2,77;2,7 a 2,79;1,50;16/8/24;12,40;0126;#REF!
561223;SC;SC561223;R1;3325;0,30;0,27;19646;72763;14/08/2025;15/08/2025;2,76;2,7 a 2,79;1,49;16/8/24;12,40;0126;#REF!
561923;SC;SC561923;R1;3325;0,27;0,25;18019;72076;14/08/2025;15/08/2025;2,78;2,7 a 2,79;1,50;27/8/24;11,90;0126;#REF!
562223;SC;SC562223;R1;3325;0,23;0,21;14999;71424;14/08/2025;15/08/2025;2,76;2,7 a 2,79;1,49;11/9/24;11,30;0126;#REF!
562323;SC;SC562323;R2;3325;0,24;0,21;15172;72248;14/08/2025;15/08/2025;2,95;2,9 a 2,99;1,59;2/9/24;11,60;0126;#REF!
562923;SC;SC562923;R1;3325;0,55;0,49;35585;72622;14/08/2025;15/08/2025;2,65;2,6 a 2,69;1,43;11/9/24;11,30;0126;#REF!
564223;SC;SC564223;R1;3325;0,25;0,22;15879;72177;14/08/2025;15/08/2025;2,71;2,7 a 2,79;1,46;3/10/24;10,60;0126;#REF!
400224;PC;PC400224;R0;3425;0,13;0,12;8365;69708;22/08/2025;24/08/2025;2,96;2,9 a 2,99;1,51;29/9/24;10,90;0226;#REF!
400524;PC;PC400524;R1;3425;0,13;0,12;8020;66833;22/08/2025;24/08/2025;2,53;2,5 a 2,59;1,21;29/9/24;10,90;0226;#REF!
400624;PC;PC400624;R3;3425;0,52;0,47;33007;70228;22/08/2025;24/08/2025;2,84;2,8 a 2,89;1,45;29/9/24;10,90;0226;#REF!
400924;PC;PC400924;R1;3425;0,17;0,15;10560;70400;22/08/2025;24/08/2025;2,99;2,9 a 2,99;1,44;29/9/24;10,90;0226;#REF!
401024;PC;PC401024;R1;3425;0,01;0,01;817;81700;22/08/2025;24/08/2025;2,89;2,8 a 2,89;1,39;29/9/24;10,90;0226;#REF!
401224;PC;PC401224;R3;3425;0,34;0,32;21830;68219;22/08/2025;24/08/2025;2,89;2,8 a 2,89;1,47;29/9/24;10,90;0226;#REF!
401324;PC;PC401324;R2;3425;0,28;0,26;17903;68858;22/08/2025;24/08/2025;2,82;2,8 a 2,89;1,44;29/9/24;10,90;0226;#REF!
401424;PC;PC401424;R1;3425;0,17;0,15;10478;69853;22/08/2025;24/08/2025;2,87;2,8 a 2,89;1,46;29/9/24;10,90;0226;#REF!
401524;PC;PC401524;R2;3425;0,24;0,22;15792;71782;22/08/2025;24/08/2025;3,02;>=3,0;1,44;29/9/24;10,90;0226;#REF!
402624;PC;PC402624;R2;3425;0,32;0,30;20424;68080;22/08/2025;24/08/2025;2,81;2,8 a 2,89;1,43;6/10/24;10,70;0226;#REF!
660124;PC;PC660124;R0;3425;0,34;0,32;22813;71291;22/08/2025;24/08/2025;2,71;2,7 a 2,79;1,49;13/10/24;10,60;0226;#REF!
660224;PC;PC660224;R1;3425;0,35;0,32;22713;70978;22/08/2025;24/08/2025;2,85;2,8 a 2,89;1,57;13/10/24;10,70;0226;#REF!
661224;PC;PC661224;R0;3425;0,27;0,25;17867;71468;22/08/2025;24/08/2025;2,70;2,7 a 2,79;1,49;13/10/24;10,50;0226;#REF!
661524;PC;PC661524;R1;3425;0,50;0,47;33768;71847;22/08/2025;24/08/2025;2,98;2,9 a 2,99;1,64;20/10/24;10,20;0226;#REF!
661624;PC;PC661624;R3;3425;0,50;0,47;32894;69987;22/08/2025;24/08/2025;3,02;>=3,0;1,66;20/10/24;10,30;0226;#REF!
561423;SC;SC561423;R3;3425;0,32;0,29;20896;72055;22/08/2025;24/08/2025;2,77;2,7 a 2,79;1,50;5/8/24;12,80;0226;#REF!
561823;SC;SC561823;R1;3425;0,06;0,06;4144;69067;22/08/2025;24/08/2025;2,75;2,7 a 2,79;1,49;5/8/24;12,80;0226;#REF!
563623;SC;SC563623;R0;3425;0,12;0,11;8029;72991;22/08/2025;24/08/2025;2,61;2,6 a 2,69;1,41;24/9/24;11,20;0226;#REF!
563723;SC;SC563723;R1;3425;0,12;0,10;7330;73300;22/08/2025;24/08/2025;2,60;2,6 a 2,69;1,40;11/9/24;11,50;0226;#REF!
563823;SC;SC563823;R1;3425;0,27;0,24;17194;71642;22/08/2025;24/08/2025;2,59;2,5 a 2,59;1,40;24/9/24;11,10;0226;#REF!
563923;SC;SC563923;R2;3425;0,36;0,31;22406;72277;22/08/2025;24/08/2025;2,60;2,6 a 2,69;1,40;11/9/24;11,50;0226;#REF!
564023;SC;SC564023;R1;3425;0,21;0,19;13929;73311;22/08/2025;24/08/2025;2,65;2,6 a 2,69;1,43;24/9/24;11,10;0226;#REF!
564523;SC;SC564523;R0;3425;0,07;0,06;4526;75433;22/08/2025;24/08/2025;2,61;2,6 a 2,69;1,41;3/10/24;10,80;0226;#REF!
564623;SC;SC564623;R0;3425;0,05;0,04;3068;76700;22/08/2025;24/08/2025;2,62;2,6 a 2,69;1,41;3/10/24;10,80;0226;#REF!
610123;SC;SC610123;R1;3425;0,11;0,10;6947;69470;22/08/2025;24/08/2025;2,58;2,5 a 2,59;1,29;20/9/24;11,20;0226;#REF!
610223;SC;SC610223;R0;3425;0,11;0,10;7046;70460;22/08/2025;24/08/2025;2,54;2,5 a 2,59;1,27;15/10/24;10,60;0226;#REF!
610323;SC;SC610323;R1;3425;0,13;0,12;8634;71950;22/08/2025;24/08/2025;2,58;2,5 a 2,59;1,29;15/10/24;10,60;0226;#REF!
610423;SC;SC610423;R4;3425;0,17;0,15;10896;72640;22/08/2025;24/08/2025;2,65;2,6 a 2,69;1,33;20/9/24;11,20;0226;#REF!
610523;SC;SC610523;R1;3425;0,23;0,21;14668;69848;22/08/2025;24/08/2025;2,65;2,6 a 2,69;1,33;20/9/24;11,20;0226;#REF!
610623;SC;SC610623;R1;3425;0,18;0,24;17202;71675;22/08/2025;24/08/2025;2,67;2,6 a 2,69;1,34;20/9/24;10,50;0226;#REF!
610723;SC;SC610723;R0;3425;0,26;0,45;31805;70678;22/08/2025;24/08/2025;2,61;2,6 a 2,69;1,31;15/10/24;11,20;0226;#REF!
611523;SC;SC611523;R3;3425;0,22;0,20;14321;71605;22/08/2025;24/08/2025;2,76;2,7 a 2,79;1,38;30/7/24;13,00;0226;#REF!
680124;PC;PC680124;R3;3525;0,30;0,28;15590;55679;29/08/2025;30/08/2025;3,24;>=3,0;1,88;20/10/24;10,40;0326;#REF!
680224;PC;PC680224;R4;3525;0,32;0,28;20299;72496;29/08/2025;30/08/2025;3,20;>=3,0;1,86;20/10/24;10,40;0326;#REF!
680424;PC;PC680424;R2;3525;0,42;0,39;27839;71382;29/08/2025;30/08/2025;3,13;>=3,0;1,82;27/10/24;10,20;0326;#REF!
680524;PC;PC680524;R4;3525;0,44;0,40;28589;71473;29/08/2025;30/08/2025;3,16;>=3,0;1,83;27/10/24;10,20;0326;#REF!
680824;PC;PC680824;R4;3525;0,70;0,64;44679;69811;29/08/2025;30/08/2025;3,14;>=3,0;1,82;27/10/24;10,20;0326;#REF!
681224;PC;PC681224;R3;3525;0,46;0,42;29528;70305;29/08/2025;30/08/2025;3,08;>=3,0;1,79;27/10/24;10,20;0326;#REF!
681324;PC;PC681324;R4;3525;0,18;0,17;11400;67059;29/08/2025;30/08/2025;3,31;>=3,0;1,92;27/10/24;10,20;0326;#REF!
682524;PC;PC682524;R4;3525;0,61;0,57;42345;74289;29/08/2025;30/08/2025;2,89;2,8 a 2,89;1,68;3/11/24;9,90;0326;#REF!
600123;SC;SC600123;R4;3525;0,22;0,20;13913;69565;29/08/2025;30/08/2025;2,73;2,7 a 2,79;1,39;15/10/24;10,60;0326;#REF!
600223;SC;SC600223;R1;3525;0,21;0,19;13814;72705;29/08/2025;30/08/2025;2,66;2,6 a 2,69;1,36;15/10/24;10,60;0326;#REF!
600323;SC;SC600323;R3;3525;0,44;0,40;29506;73765;29/08/2025;30/08/2025;2,63;2,6 a 2,69;1,34;15/10/24;10,60;0326;#REF!
600423;SC;SC600423;R1;3525;0,12;0,11;8152;74109;29/08/2025;30/08/2025;2,53;2,5 a 2,59;1,29;30/10/24;10,10;0326;#REF!
600523;SC;SC600523;R1;3525;0,49;0,44;31348;71245;29/08/2025;30/08/2025;2,67;2,6 a 2,69;1,36;15/10/24;10,60;0326;#REF!
600723;SC;SC600723;R1;3525;0,20;0,18;12938;71878;29/08/2025;30/08/2025;2,57;2,5 a 2,59;1,31;30/10/24;10,30;0326;#REF!
601323;SC;SC601323;R4;3525;0,04;0,03;2310;77000;29/08/2025;30/08/2025;2,69;2,6 a 2,69;1,37;15/10/24;10,60;0326;#REF!
602223;SC;SC602223;R2;3525;0,31;0,28;19792;70686;29/08/2025;30/08/2025;2,51;2,5 a 2,59;1,28;24/10/24;10,40;0326;#REF!
602323;SC;SC602323;R2;3525;0,57;0,51;37254;73047;29/08/2025;30/08/2025;2,50;2,5 a 2,59;1,28;24/10/24;10,30;0326;#REF!
602423;SC;SC602423;R3;3525;0,56;0,50;37106;74212;29/08/2025;30/08/2025;2,66;2,6 a 2,69;1,36;24/10/24;10,30;0326;#REF!
602523;SC;SC602523;R2;3525;0,31;0,28;20581;73504;29/08/2025;30/08/2025;2,55;2,5 a 2,59;1,30;15/10/24;10,60;0326;#REF!
602623;SC;SC602623;R1;3525;0,26;0,25;17479;69916;29/08/2025;30/08/2025;2,70;2,7 a 2,79;1,38;24/10/24;10,40;0326;#REF!
680624;PC;PC680624;R3;3625;0,45;0,41;29193;71202;3/09/2025;4/09/2025;3,07;>=3,0;1,78;27/10/24;10,40;0426;#REF!
680724;PC;PC680724;R3;3625;0,65;0,60;42716;71193;3/09/2025;4/09/2025;3,11;>=3,0;1,80;27/10/24;10,40;0426;#REF!
680924;PC;PC680924;R2;3625;0,71;0,66;47063;71308;3/09/2025;4/09/2025;3,05;>=3,0;1,77;27/10/24;10,40;0426;#REF!
681024;PC;PC681024;R1;3625;0,61;0,57;39007;68433;3/09/2025;4/09/2025;3,07;>=3,0;1,78;27/10/24;10,40;0426;#REF!
681124;PC;PC681124;R3;3625;0,50;0,46;31276;67991;3/09/2025;4/09/2025;3,11;>=3,0;1,80;27/10/24;10,40;0426;#REF!
681524;PC;PC681524;R2;3625;0,14;0,13;9125;70192;3/09/2025;4/09/2025;3,09;>=3,0;1,79;3/11/24;10,20;0426;#REF!
681624;PC;PC681624;R4;3625;0,27;0,25;16693;66772;3/09/2025;4/09/2025;3,10;>=3,0;1,80;3/11/24;10,20;0426;#REF!
681724;PC;PC681724;R3;3625;0,31;0,28;20114;71836;3/09/2025;4/09/2025;3,08;>=3,0;1,79;3/11/24;10,20;0426;#REF!
681824;PC;PC681824;R2;3625;0,28;0,25;18225;72900;3/09/2025;4/09/2025;3,09;>=3,0;1,79;3/11/24;10,20;0426;#REF!
681924;PC;PC681924;R3;3625;0,34;0,32;21636;67613;3/09/2025;4/09/2025;3,13;>=3,0;1,82;3/11/24;10,20;0426;#REF!
682024;PC;PC682024;R4;3625;0,42;0,38;27308;71863;3/09/2025;4/09/2025;3,09;>=3,0;1,79;3/11/24;10,20;0426;#REF!
683324;PC;PC683324;R3;3625;0,60;0,55;38262;69567;3/09/2025;4/09/2025;3,21;>=3,0;1,86;10/11/24;9,90;0426;#REF!
610823;SC;SC610823;R2;3625;0,48;0,22;16183;73559;3/09/2025;4/09/2025;2,44;<=2,499;1,34;20/9/24;11,70;0426;#REF!
612023;SC;SC612023;R2;3625;0,51;0,46;33850;73587;3/09/2025;4/09/2025;2,60;2,6 a 2,69;1,43;20/9/24;11,80;0426;#REF!
613123;SC;SC613123;R1;3625;0,49;0,21;14776;70362;3/09/2025;4/09/2025;2,56;2,5 a 2,59;1,41;15/10/24;10,80;0426;#REF!
680324;PC;PC680324;R3;3725;0,38;0,34;24421;71826;11/09/2025;12/09/2025;3,11;>=3,0;1,80;20/10/24;10,90;0526;#REF!
682124;PC;PC682124;R3;3725;0,39;0,36;25613;71147;11/09/2025;12/09/2025;3,01;>=3,0;1,75;3/11/24;10,40;0526;#REF!
682224;PC;PC682224;R1;3725;0,40;0,37;26768;72346;11/09/2025;12/09/2025;3,02;>=3,0;1,75;3/11/24;10,40;0526;#REF!
682424;PC;PC682424;R3;3725;0,57;0,53;38453;72553;11/09/2025;12/09/2025;2,93;2,9 a 2,99;1,70;3/11/24;10,40;0526;#REF!
682624;PC;PC682624;R3;3725;0,69;0,63;44684;70927;11/09/2025;12/09/2025;3,04;>=3,0;1,76;3/11/24;10,40;0526;#REF!
682924;PC;PC682924;R3;3725;0,77;0,71;53524;75386;11/09/2025;12/09/2025;3,07;>=3,0;1,78;10/11/24;10,20;0526;#REF!
683024;PC;PC683024;R2;3725;0,74;0,68;48012;70606;11/09/2025;12/09/2025;2,91;2,9 a 2,99;1,69;10/11/24;10,20;0526;#REF!
683124;PC;PC683124;R4;3725;0,66;0,61;43530;71361;11/09/2025;12/09/2025;3,16;>=3,0;1,83;10/11/24;10,20;0526;#REF!
564423;SC;SC564423;R2;3725;0,32;0,29;20607;71059;11/09/2025;12/09/2025;2,76;2,7 a 2,79;1,49;24/9/24;11,80;0526;#REF!
600623;SC;SC600623;R0;3725;0,22;0,20;14290;71450;11/09/2025;12/09/2025;2,61;2,6 a 2,69;1,41;18/11/24;10,30;0526;#REF!
600823;SC;SC600823;R2;3725;0,43;0,39;28883;74059;11/09/2025;12/09/2025;2,62;2,6 a 2,69;1,41;18/11/24;10,30;0526;#REF!
601023;SC;SC601023;R2;3725;0,23;0,20;14876;74380;11/09/2025;12/09/2025;2,68;2,6 a 2,69;1,45;30/10/24;10,60;0526;#REF!
601123;SC;SC601123;R3;3725;0,14;0,13;9426;72508;11/09/2025;12/09/2025;2,64;2,6 a 2,69;1,43;30/10/24;10,60;0526;#REF!
601223;SC;SC601223;R1;3725;0,06;0,05;3877;77540;11/09/2025;12/09/2025;2,71;2,7 a 2,79;1,46;30/10/24;10,80;0526;#REF!
601523;SC;SC601523;R2;3725;0,28;0,25;18724;74896;11/09/2025;12/09/2025;2,63;2,6 a 2,69;1,42;30/10/24;10,50;0526;#REF!
601723;SC;SC601723;R4;3725;0,27;0,25;17613;70452;11/09/2025;12/09/2025;2,61;2,6 a 2,69;1,41;24/10/24;10,80;0526;#REF!
690124;PC;PC690124;R2;3825;0,19;0,17;11919;70757;21/09/2025;22/09/2025;3,13;>=3,0;1,82;10/11/24;10,40;0626;#REF!
690224;PC;PC690224;R1;3825;0,14;0,12;8346;68259;21/09/2025;22/09/2025;3,16;>=3,0;1,83;10/11/24;10,40;0626;#REF!
690324;PC;PC690324;R1;3825;0,10;0,09;6395;71669;21/09/2025;22/09/2025;3,16;>=3,0;1,83;10/11/24;10,40;0626;#REF!
690424;PC;PC690424;R2;3825;0,06;0,05;3683;69609;21/09/2025;22/09/2025;3,13;>=3,0;1,82;10/11/24;10,40;0626;#REF!
690524;PC;PC690524;R3;3825;0,05;0,04;3074;71890;21/09/2025;22/09/2025;2,95;2,9 a 2,99;1,71;10/11/24;10,40;0626;#REF!
690624;PC;PC690624;R2;3825;0,11;0,10;6735;68258;21/09/2025;22/09/2025;3,14;>=3,0;1,82;10/11/24;10,40;0626;#REF!
690724;PC;PC690724;R3;3825;0,53;0,48;33030;68186;21/09/2025;22/09/2025;3,19;>=3,0;1,85;17/11/24;10,17;0626;#REF!
691024;PC;PC691024;R1;3825;0,69;0,32;20867;66101;21/09/2025;22/09/2025;3,11;>=3,0;1,80;24/11/24;9,93;0626;#REF!
691124;PC;PC691124;R2;3825;0,80;0,37;24143;65249;21/09/2025;22/09/2025;2,80;2,8 a 2,89;1,62;24/11/24;9,93;0626;#REF!
691224;PC;PC691224;R3;3825;0,47;0,21;14488;68225;21/09/2025;22/09/2025;2,65;2,6 a 2,69;1,54;17/11/24;10,17;0626;#REF!
691324;PC;PC691324;R4;3825;0,40;0,18;11912;65202;21/09/2025;22/09/2025;2,87;2,8 a 2,89;1,66;24/11/24;9,93;0626;#REF!
691624;PC;PC691624;R3;3825;0,48;0,22;15590;70793;21/09/2025;22/09/2025;2,78;2,7 a 2,79;1,61;24/11/24;9,93;0626;#REF!
691724;PC;PC691724;R2;3825;0,60;0,28;19269;69637;21/09/2025;22/09/2025;2,95;2,9 a 2,99;1,71;24/11/24;9,93;0626;#REF!
691824;PC;PC691824;R1;3825;0,58;0,26;18352;69557;21/09/2025;22/09/2025;3,22;>=3,0;1,87;24/11/24;9,93;0626;#REF!
691924;PC;PC691924;R4;3825;0,53;0,25;16970;69196;21/09/2025;22/09/2025;3,18;>=3,0;1,84;1/12/24;9,70;0626;#REF!
692024;PC;PC692024;R1;3825;0,51;0,12;7167;61118;21/09/2025;22/09/2025;3,32;>=3,0;1,93;1/12/24;9,70;0626;#REF!
692124;PC;PC692124;R2;3825;0,52;0,24;14802;61795;21/09/2025;22/09/2025;2,71;2,7 a 2,79;1,57;1/12/24;9,70;0626;#REF!
692224;PC;PC692224;R3;3825;0,48;0,22;13589;61289;21/09/2025;22/09/2025;3,01;>=3,0;1,75;24/11/24;9,93;0626;#REF!
692324;PC;PC692324;R4;3825;0,52;0,24;14702;61398;21/09/2025;22/09/2025;2,89;2,8 a 2,89;1,68;1/12/24;9,70;0626;#REF!
600923;SC;SC600923;R3;3825;0,23;0,21;14741;71649;21/09/2025;22/09/2025;2,63;2,6 a 2,69;1,42;30/10/24;10,97;0626;#REF!
601423;SC;SC601423;R2;3825;0,15;0,14;9934;73585;21/09/2025;22/09/2025;2,60;2,6 a 2,69;1,40;30/10/24;10,77;0626;#REF!
601623;SC;SC601623;R1;3825;0,32;0,28;20666;72558;21/09/2025;22/09/2025;2,60;2,6 a 2,69;1,40;18/11/24;10,57;0626;#REF!
601823;SC;SC601823;R0;3825;0,32;0,30;22051;73997;21/09/2025;22/09/2025;2,49;<=2,499;1,34;18/11/24;10,57;0626;#REF!
601923;SC;SC601923;R3;3825;0,60;0,54;38194;71317;21/09/2025;22/09/2025;2,65;2,6 a 2,69;1,43;30/10/24;10,73;0626;#REF!
602023;SC;SC602023;R2;3825;0,59;0,52;37545;71788;21/09/2025;22/09/2025;2,62;2,6 a 2,69;1,41;30/10/24;10,73;0626;#REF!
602123;SC;SC602123;R1;3825;0,32;0,29;21157;73996;21/09/2025;22/09/2025;2,63;2,6 a 2,69;1,42;30/10/24;10,97;0626;#REF!
681424;PC;PC681424;R2;3925;0,15;0,13;9216;69570;25/09/2025;26/09/2025;3,21;>=3,0;1,86;27/10/24;11,10;0726;#REF!
682324;PC;PC682324;R2;3925;0,56;0,51;36926;71929;25/09/2025;26/09/2025;2,95;2,9 a 2,99;1,71;3/11/24;10,87;0726;#REF!
682724;PC;PC682724;R1;3925;0,66;0,61;46775;77164;25/09/2025;26/09/2025;2,90;2,9 a 2,99;1,68;10/11/24;10,63;0726;#REF!
682824;PC;PC682824;R2;3925;0,85;0,80;57249;71914;25/09/2025;26/09/2025;2,93;2,9 a 2,99;1,70;3/11/24;10,87;0726;#REF!
683224;PC;PC683224;R3;3925;0,64;0,59;41856;71529;25/09/2025;26/09/2025;3,07;>=3,0;1,78;10/11/24;10,63;0726;#REF!
690824;PC;PC690824;R1;3925;0,63;0,57;40141;69827;25/09/2025;26/09/2025;3,24;>=3,0;1,88;17/11/24;10,40;0726;#REF!
691424;PC;PC691424;R4;3925;0,23;0,21;14217;68565;25/09/2025;26/09/2025;3,22;>=3,0;1,87;17/11/24;10,40;0726;#REF!
692624;PC;PC692624;R3;3925;0,29;0,26;17769;68086;25/09/2025;26/09/2025;3,21;>=3,0;1,86;24/11/24;10,17;0726;#REF!
611023;SC;SC611023;R2;3925;0,39;0,35;25718;74077;25/09/2025;26/09/2025;2,43;<=2,499;1,34;3/10/24;12,07;0726;#REF!
612123;SC;SC612123;R3;3925;0,47;0,42;31265;73913;25/09/2025;26/09/2025;2,52;2,5 a 2,59;1,39;20/9/24;12,40;0726;#REF!
612423;SC;SC612423;R4;3925;0,32;0,47;34305;73458;25/09/2025;26/09/2025;2,45;<=2,499;1,35;3/10/24;11,67;0726;#REF!
612623;SC;SC612623;R0;3925;0,32;0,29;20647;71941;25/09/2025;26/09/2025;2,48;<=2,499;1,36;15/10/24;11,53;0726;#REF!
613323;SC;SC613323;R3;3925;0,29;0,25;17806;71510;25/09/2025;26/09/2025;2,53;2,5 a 2,59;1,39;3/10/24;12,00;0726;#REF!
691024 B;PC;PC691024 B;R1;4025;#N/A;0,32;20867;65209;1/10/2025;2/10/2025;3,08;>=3,0;1,79;24/11/24;10,40;0826;#REF!
691124 B;PC;PC691124 B;R2;4025;#N/A;0,37;24143;65251;1/10/2025;2/10/2025;3,00;>=3,0;1,74;24/11/24;10,40;0826;#REF!
691224 B;PC;PC691224 B;R3;4025;#N/A;0,21;14488;68990;1/10/2025;2/10/2025;3,29;>=3,0;1,91;17/11/24;10,60;0826;#REF!
691324 B;PC;PC691324 B;R4;4025;#N/A;0,18;11912;66178;1/10/2025;2/10/2025;3,37;>=3,0;1,95;24/11/24;10,40;0826;#REF!
691524;PC;PC691524;R3;4025;0,18;0,17;11322;66600;1/10/2025;2/10/2025;2,92;2,9 a 2,99;1,69;24/11/24;10,40;0826;#REF!
691624B;PC;PC691624 B;R3;4025;#N/A;0,22;15590;70864;1/10/2025;2/10/2025;3,14;>=3,0;1,82;24/11/24;10,40;0826;#REF!
691724 B;PC;PC691724 B;R2;4025;#N/A;0,28;19269;68818;1/10/2025;2/10/2025;3,10;>=3,0;1,80;24/11/24;10,40;0826;#REF!
691824 B;PC;PC691824 B;R1;4025;#N/A;0,26;18352;70585;1/10/2025;2/10/2025;3,29;>=3,0;1,91;24/11/24;10,40;0826;#REF!
691924 B;PC;PC691924 B;R4;4025;#N/A;0,25;16970;67880;1/10/2025;2/10/2025;3,25;>=3,0;1,89;1/12/24;10,20;0826;#REF!
692024 B;PC;PC692024 B;R1;4025;#N/A;0,12;7167;59725;1/10/2025;2/10/2025;3,20;>=3,0;1,86;1/12/24;10,20;0826;#REF!
692124 B;PC;PC692124 B;R2;4025;#N/A;0,24;14802;61675;1/10/2025;2/10/2025;3,12;>=3,0;1,81;1/12/24;10,20;0826;#REF!
692224 B;PC;PC692224 B;R3;4025;#N/A;0,22;13589;61768;1/10/2025;2/10/2025;3,23;>=3,0;1,87;24/11/24;10,40;0826;#REF!
692324 B;PC;PC692324 B;R4;4025;#N/A;0,24;14702;61258;1/10/2025;2/10/2025;3,21;>=3,0;1,86;1/12/24;10,20;0826;#REF!
693224;PC;PC693224;R1;4025;0,36;0,33;22774;69012;1/10/2025;2/10/2025;3,14;>=3,0;1,82;1/12/24;10,20;0826;#REF!
610923;SC;SC610923;R3;4025;0,25;0,15;11059;73727;1/10/2025;2/10/2025;2,47;<=2,499;1,36;20/9/24;12,60;0826;#REF!
611223;SC;SC611223;R2;4025;0,47;0,22;15665;71205;1/10/2025;2/10/2025;2,47;<=2,499;1,36;15/10/24;12,80;0826;#REF!
611623;SC;SC611623;R0;4025;0,20;0,18;12971;72061;1/10/2025;2/10/2025;2,47;<=2,499;1,36;30/7/24;14,40;0826;#REF!
611823;SC;SC611823;R1;4025;0,16;0,34;25521;75062;1/10/2025;2/10/2025;2,48;<=2,499;1,36;15/10/24;11,90;0826;#REF!
612523;SC;SC612523;R3;4025;0,52;0,49;35719;72896;1/10/2025;2/10/2025;2,47;<=2,499;1,36;15/10/24;11,50;0826;#REF!
612723;SC;SC612723;R1;4025;0,29;0,26;18791;72273;1/10/2025;2/10/2025;2,46;<=2,499;1,35;15/10/24;11,90;0826;#REF!
613223;SC;SC613223;R2;4025;0,65;0,58;41849;72153;1/10/2025;2/10/2025;2,49;<=2,499;1,37;15/10/24;11,90;0826;#REF!
670224;PC;PC670224;R4;4125;0,37;0,33;22830;68251;10/10/2025;14/10/2025;3,04;>=3,0;1,73;1/12/24;10,40;0926;#REF!
670624;PC;PC670624;R2;4125;0,11;0,11;7353;68077;10/10/2025;14/10/2025;2,98;2,9 a 2,99;1,70;1/12/24;10,40;0926;#REF!
670824;PC;PC670824;R2;4125;0,08;0,07;4993;69783;10/10/2025;14/10/2025;3,01;>=3,0;1,72;1/12/24;10,40;0926;#REF!
670924;PC;PC670924;R4;4125;0,22;0,20;13359;68416;10/10/2025;14/10/2025;3,10;>=3,0;1,77;1/12/24;10,40;0926;#REF!
690924;PC;PC690924;R2;4125;0,67;0,61;43979;71589;10/10/2025;14/10/2025;3,26;>=3,0;1,89;17/11/24;10,87;0926;#REF!
692424;PC;PC692424;R3;4125;0,24;0,22;14709;68119;10/10/2025;14/10/2025;3,44;>=3,0;2,00;24/11/24;10,63;0926;#REF!
692524;PC;PC692524;R2;4125;0,25;0,23;16235;70211;10/10/2025;14/10/2025;3,43;>=3,0;1,99;24/11/24;10,63;0926;#REF!
692724;PC;PC692724;R2;4125;0,28;0,26;17856;68458;10/10/2025;14/10/2025;3,37;>=3,0;1,95;24/11/24;10,63;0926;#REF!
692824;PC;PC692824;R3;4125;0,26;0,24;16331;69003;10/10/2025;14/10/2025;3,39;>=3,0;1,97;24/11/24;10,63;0926;#REF!
692924;PC;PC692924;R3;4125;0,27;0,25;17140;69483;10/10/2025;14/10/2025;3,25;>=3,0;1,89;1/12/24;10,40;0926;#REF!
693024;PC;PC693024;R1;4125;0,32;0,29;19849;68884;10/10/2025;14/10/2025;3,38;>=3,0;1,96;1/12/24;10,40;0926;#REF!
693124;PC;PC693124;R3;4125;0,36;0,32;22259;68510;10/10/2025;14/10/2025;3,17;>=3,0;1,84;1/12/24;10,40;0926;#REF!
693324;PC;PC693324;R2;4125;0,18;0,17;11759;71193;10/10/2025;14/10/2025;3,02;>=3,0;1,75;1/12/24;10,40;0926;#REF!
693424;PC;PC693424;R3;4125;0,05;0,04;2912;70034;10/10/2025;14/10/2025;3,21;>=3,0;1,86;1/12/24;10,40;0926;#REF!
611723;SC;SC611723;R2;4125;0,43;0,15;10672;71147;10/10/2025;14/10/2025;2,49;<=2,499;1,37;3/10/24;12,17;0926;#REF!
611923;SC;SC611923;R1;4125;0,38;0,39;28777;73458;10/10/2025;14/10/2025;2,46;<=2,499;1,35;15/10/24;12,40;0926;#REF!
612223;SC;SC612223;R1;4125;0,30;0,27;19977;72874;10/10/2025;14/10/2025;2,48;<=2,499;1,36;3/10/24;12,40;0926;#REF!
612923;SC;SC612923;R3;4125;0,31;0,43;31893;74403;10/10/2025;14/10/2025;2,51;2,5 a 2,59;1,38;3/10/24;12,17;0926;#REF!
613023;SC;SC613023;R2;4125;0,23;0,27;19730;73981;10/10/2025;14/10/2025;2,43;<=2,499;1,34;15/10/24;12,40;0926;#REF!
613423;SC;SC613423;R2;4125;0,30;0,27;19770;73868;10/10/2025;14/10/2025;2,43;<=2,499;1,34;15/10/24;11,97;0926;#REF!
613523;SC;SC613523;R3;4125;0,22;0,20;15639;78004;10/10/2025;14/10/2025;2,49;<=2,499;1,37;3/10/24;12,43;0926;#REF!
671024;PC;PC671024;R3;4225;0,38;0,35;24110;68785;17/10/2025;18/10/2025;3,09;>=3,0;1,76;1/12/24;10,63;1026;#REF!
671124;PC;PC671124;R1;4225;0,57;0,52;35517;68452;17/10/2025;18/10/2025;3,09;>=3,0;1,76;1/12/24;10,63;1026;#REF!
671224;PC;PC671224;R2;4225;0,54;0,49;34572;70785;17/10/2025;18/10/2025;3,09;>=3,0;1,76;1/12/24;10,63;1026;#REF!
671324;PC;PC671324;R3;4225;0,22;0,20;13851;68767;17/10/2025;18/10/2025;3,09;>=3,0;1,76;1/12/24;10,63;1026;#REF!
671624;PC;PC671624;R2;4225;0,16;0,14;9643;68110;17/10/2025;18/10/2025;3,06;>=3,0;1,74;8/12/24;10,40;1026;#REF!
671724;PC;PC671724;R2;4225;0,07;0,07;4821;70544;17/10/2025;18/10/2025;3,01;>=3,0;1,72;8/12/24;10,40;1026;#REF!
671824;PC;PC671824;R1;4225;0,09;0,08;5598;68177;17/10/2025;18/10/2025;3,02;>=3,0;1,72;8/12/24;10,40;1026;#REF!
671924;PC;PC671924;R1;4225;0,10;0,09;6314;71490;17/10/2025;18/10/2025;3,01;>=3,0;1,72;8/12/24;10,40;1026;#REF!
672024;PC;PC672024;R1;4225;0,09;0,08;5477;70625;17/10/2025;18/10/2025;2,99;2,9 a 2,99;1,70;8/12/24;10,40;1026;#REF!
672124;PC;PC672124;R4;4225;0,04;0,03;2357;70866;17/10/2025;18/10/2025;2,98;2,9 a 2,99;1,70;8/12/24;10,40;1026;#REF!
672324;PC;PC672324;R2;4225;0,03;0,03;1923;68337;17/10/2025;18/10/2025;3,06;>=3,0;1,74;8/12/24;10,40;1026;#REF!
672424;PC;PC672424;R3;4225;0,20;0,18;12584;68566;17/10/2025;18/10/2025;3,04;>=3,0;1,73;8/12/24;10,40;1026;#REF!
672524;PC;PC672524;R1;4225;0,20;0,19;12770;69008;17/10/2025;18/10/2025;3,04;>=3,0;1,73;8/12/24;10,40;1026;#REF!
672724;PC;PC672724;R4;4225;0,18;0,16;10793;68013;17/10/2025;18/10/2025;3,12;>=3,0;1,78;8/12/24;10,40;1026;#REF!
611123;SC;SC611123;R4;4225;0,24;0,47;35187;74390;17/10/2025;18/10/2025;2,44;<=2,499;1,34;20/9/24;12,67;1026;#REF!
611323;SC;SC611323;R1;4225;0,52;0,16;11750;72891;17/10/2025;18/10/2025;2,48;<=2,499;1,36;3/10/24;12,67;1026;#REF!
611423;SC;SC611423;R3;4225;0,18;0,42;31179;74843;17/10/2025;18/10/2025;2,41;<=2,499;1,33;3/10/24;12,37;1026;#REF!
612323;SC;SC612323;R2;4225;0,55;0,29;20629;71176;17/10/2025;18/10/2025;2,39;<=2,499;1,31;24/10/24;12,67;1026;#REF!
612823;SC;SC612823;R2;4225;0,52;0,45;33070;72766;17/10/2025;18/10/2025;2,45;<=2,499;1,35;15/10/24;12,20;1026;#REF!
670124;PC;PC670124;R3;4325;0,27;0,26;17884;69596;25/10/2025;26/10/2025;3,09;>=3,0;1,76;1/12/24;10,87;1126;#REF!
670324;PC;PC670324;R2;4325;0,38;0,35;23481;68037;25/10/2025;26/10/2025;3,08;>=3,0;1,76;1/12/24;10,87;1126;#REF!
670424;PC;PC670424;R3;4325;0,35;0,32;21639;68476;25/10/2025;26/10/2025;3,06;>=3,0;1,74;1/12/24;10,87;1126;#REF!
670524;PC;PC670524;R3;4325;0,34;0,31;21243;68251;25/10/2025;26/10/2025;3,07;>=3,0;1,75;1/12/24;10,87;1126;#REF!
670724;PC;PC670724;R1;4325;0,09;0,08;5563;69269;25/10/2025;26/10/2025;3,00;>=3,0;1,71;1/12/24;10,87;1126;#REF!
671424;PC;PC671424;R3;4325;0,12;0,10;7115;68957;25/10/2025;26/10/2025;3,11;>=3,0;1,77;1/12/24;10,87;1126;#REF!
671524;PC;PC671524;R3;4325;0,07;0,07;4635;68901;25/10/2025;26/10/2025;3,08;>=3,0;1,76;8/12/24;10,63;1126;#REF!
672224;PC;PC672224;R4;4325;0,04;0,03;2399;69759;25/10/2025;26/10/2025;3,07;>=3,0;1,75;8/12/24;10,63;1126;#REF!
672624;PC;PC672624;R2;4325;0,19;0,17;12094;69338;25/10/2025;26/10/2025;3,07;>=3,0;1,75;8/12/24;10,63;1126;#REF!
672824;PC;PC672824;R3;4325;0,16;0,14;9758;69260;25/10/2025;26/10/2025;2,97;2,9 a 2,99;1,69;8/12/24;10,63;1126;#REF!
672924;PC;PC672924;R2;4325;0,42;0,38;26014;68241;25/10/2025;26/10/2025;2,94;2,9 a 2,99;1,68;8/12/24;10,63;1126;#REF!
673024;PC;PC673024;R3;4325;0,25;0,23;16424;71699;25/10/2025;26/10/2025;3,07;>=3,0;1,75;8/12/24;10,63;1126;#REF!
673124;PC;PC673124;R1;4325;0,11;0,10;6679;69544;25/10/2025;26/10/2025;2,98;2,9 a 2,99;1,70;8/12/24;10,63;1126;#REF!
673324;PC;PC673324;R3;4325;0,34;0,30;20585;68054;25/10/2025;26/10/2025;3,01;>=3,0;1,72;8/12/24;10,63;1126;#REF!
673424;PC;PC673424;R1;4325;0,46;0,42;29011;69156;25/10/2025;26/10/2025;3,02;>=3,0;1,72;8/12/24;10,63;1126;#REF!
620323;SC;SC620323;R4;4325;0,14;0,12;8782;71398;25/10/2025;26/10/2025;2,36;<=2,499;1,16;30/10/24;12,13;1126;#REF!
620523;SC;SC620523;R2;4325;0,44;0,39;28602;72723;25/10/2025;26/10/2025;2,32;<=2,499;1,14;30/10/24;12,10;1126;#REF!
620623;SC;SC620623;R1;4325;0,48;0,43;30804;71108;25/10/2025;26/10/2025;2,38;<=2,499;1,17;30/10/24;12,10;1126;#REF!
621823;SC;SC621823;R3;4325;0,44;0,39;28383;71939;25/10/2025;26/10/2025;2,31;<=2,499;1,13;18/11/24;11,30;1126;#REF!
622623;SC;SC622623;R4;4325;0,10;0,09;6618;72797;25/10/2025;26/10/2025;2,37;<=2,499;1,16;30/10/24;12,10;1126;#REF!
673224;PC;PC673224;R1;4425;0,12;0,10;7222;68860;29/10/2025;30/10/2025;3,08;>=3,0;1,76;8/12/24;10,87;1226;#REF!
673524;PC;PC673524;R2;4425;0,41;0,37;25998;69519;29/10/2025;30/10/2025;3,03;>=3,0;1,73;8/12/24;10,87;1226;#REF!
673624;PC;PC673624;R0;4425;0,27;0,26;17174;65502;29/10/2025;30/10/2025;3,05;>=3,0;1,74;8/12/24;10,87;1226;#REF!
673724;PC;PC673724;R3;4425;0,11;0,13;6568;51401;29/10/2025;30/10/2025;2,95;2,9 a 2,99;1,68;8/12/24;10,87;1226;#REF!
673824;PC;PC673824;R3;4425;0,13;0,09;8149;90847;29/10/2025;30/10/2025;3,04;>=3,0;1,73;8/12/24;10,87;1226;#REF!
700124;PC;PC700124;R4;4425;0,54;0,49;34004;69396;29/10/2025;30/10/2025;3,26;>=3,0;1,89;15/12/24;10,63;1226;#REF!
700224;PC;PC700224;R2;4425;0,23;0,20;14150;69438;29/10/2025;30/10/2025;3,07;>=3,0;1,78;15/12/24;10,63;1226;#REF!
700324;PC;PC700324;R1;4425;0,29;0,26;16702;63304;29/10/2025;30/10/2025;3,00;>=3,0;1,71;15/12/24;10,63;1226;#REF!
700424;PC;PC700424;R3;4425;0,18;0,17;11451;69032;29/10/2025;30/10/2025;3,10;>=3,0;1,80;15/12/24;10,63;1226;#REF!
700524;PC;PC700524;R2;4425;0,24;0,21;16512;77496;29/10/2025;30/10/2025;3,17;>=3,0;1,81;15/12/24;10,63;1226;#REF!
700824;PC;PC700824;R3;4425;0,50;0,45;35641;78499;29/10/2025;30/10/2025;3,07;>=3,0;1,78;15/12/24;10,63;1226;#REF!
620123;SC;SC620123;R2;4425;0,22;0,19;14301;73815;29/10/2025;30/10/2025;2,52;2,5 a 2,59;1,23;30/10/24;12,40;1226;#REF!
620223;SC;SC620223;R3;4425;0,19;0,16;11733;71982;29/10/2025;30/10/2025;2,50;2,5 a 2,59;1,23;30/10/24;12,37;1226;#REF!
620423;SC;SC620423;R3;4425;0,28;0,26;18188;71314;29/10/2025;30/10/2025;2,55;2,5 a 2,59;1,25;30/10/24;12,40;1226;#REF!
621223;SC;SC621223;R1;4425;0,27;0,25;18276;73596;29/10/2025;30/10/2025;2,46;<=2,499;1,21;27/11/24;11,23;1226;#REF!
622923;SC;SC622923;R3;4425;0,52;0,46;33836;72970;29/10/2025;30/10/2025;2,49;<=2,499;1,22;18/11/24;11,53;1226;#REF!
623023;SC;SC623023;R1;4425;0,58;0,52;38369;74359;29/10/2025;30/10/2025;2,49;<=2,499;1,22;27/11/24;11,23;1226;#REF!
623423;SC;SC623423;R1;4425;0,25;0,23;16222;71779;29/10/2025;30/10/2025;2,47;<=2,499;1,21;27/11/24;11,23;1226;#REF!
700724;PC;PC700724;R2;4525;0,38;0,35;24010;69096;7/11/2025;8/11/2025;2,99;2,9 a 2,99;1,70;15/12/24;10,87;1326;#REF!
701124;PC;PC701124;R2;4525;0,61;0,57;41077;71456;7/11/2025;8/11/2025;3,23;>=3,0;1,84;22/12/24;10,63;1326;#REF!
701224;PC;PC701224;R0;4525;0,59;0,56;38195;68120;7/11/2025;8/11/2025;2,99;2,9 a 2,99;1,70;22/12/24;10,63;1326;#REF!
701424;PC;PC701424;R3;4525;0,59;0,55;38403;69936;7/11/2025;8/11/2025;3,02;>=3,0;1,72;22/12/24;10,63;1326;#REF!
701624;PC;PC701624;R1;4525;0,30;0,27;18841;68800;7/11/2025;8/11/2025;3,01;>=3,0;1,72;22/12/24;10,63;1326;#REF!
620723;SC;SC620723;R2;4525;0,28;0,26;18952;73962;7/11/2025;8/11/2025;2,41;<=2,499;1,18;18/11/24;11,77;1326;#REF!
620923;SC;SC620923;R3;4525;0,50;0,44;31969;71924;7/11/2025;8/11/2025;2,40;<=2,499;1,18;18/11/24;11,77;1326;#REF!
621123;SC;SC621123;R4;4525;0,12;0,10;7752;73913;7/11/2025;8/11/2025;2,46;<=2,499;1,21;30/10/24;12,43;1326;#REF!
621323;SC;SC621323;R2;4525;0,48;0,43;32026;73733;7/11/2025;8/11/2025;2,47;<=2,499;1,21;27/11/24;11,47;1326;#REF!
621423;SC;SC621423;R3;4525;0,41;0,38;27369;72578;7/11/2025;8/11/2025;2,43;<=2,499;1,19;30/10/24;12,40;1326;#REF!
622823;SC;SC622823;R1;4525;0,20;0,18;13432;73000;7/11/2025;8/11/2025;2,44;<=2,499;1,20;27/11/24;11,47;1326;#REF!
623123;SC;SC623123;R2;4525;0,55;0,49;36601;74091;7/11/2025;8/11/2025;2,49;<=2,499;1,22;18/11/24;11,77;1326;#REF!
623223;SC;SC623223;R3;4525;0,52;0,47;34226;73289;7/11/2025;8/11/2025;2,45;<=2,499;1,20;18/11/24;11,77;1326;#REF!
623323;SC;SC623323;R0;4525;0,22;0,20;14449;74097;7/11/2025;8/11/2025;2,46;<=2,499;1,21;27/11/24;11,47;1326;#REF!
701024;PC;PC701024;R0;4625;0,66;0,61;41157;67403;14/11/2025;15/11/2025;3,01;>=3,0;1,72;15/12/24;11,10;1426;#REF!
701324;PC;PC701324;R1;4625;0,63;0,57;39261;68297;14/11/2025;15/11/2025;2,99;2,9 a 2,99;1,70;22/12/24;10,87;1426;#REF!
701724;PC;PC701724;R0;4625;0,30;0,28;19673;71282;14/11/2025;15/11/2025;3,03;>=3,0;1,73;22/12/24;10,87;1426;#REF!
630123;SC;SC630123;R4;4625;0,22;0,20;14313;71565;14/11/2025;15/11/2025;2,60;2,6 a 2,69;1,30;2/12/24;11,53;1426;#REF!
630223;SC;SC630223;R4;4625;0,11;0,10;7490;72711;14/11/2025;15/11/2025;2,59;2,5 a 2,59;1,30;2/12/24;11,53;1426;#REF!
630323;SC;SC630323;R4;4625;0,14;0,13;9225;70962;14/11/2025;15/11/2025;2,53;2,5 a 2,59;1,27;2/12/24;11,53;1426;#REF!
630423;SC;SC630423;R3;4625;0,16;0,14;10250;73141;14/11/2025;15/11/2025;2,53;2,5 a 2,59;1,27;10/12/24;11,27;1426;#REF!
630623;SC;SC630623;R2;4625;0,52;0,46;33118;71684;14/11/2025;15/11/2025;2,53;2,5 a 2,59;1,27;10/12/24;11,27;1426;#REF!
630723;SC;SC630723;R3;4625;0,49;0,44;31118;71291;14/11/2025;15/11/2025;2,45;<=2,499;1,23;2/12/24;11,53;1426;#REF!
630823;SC;SC630823;R4;4625;0,29;0,26;18569;72270;14/11/2025;15/11/2025;2,47;<=2,499;1,24;2/12/24;11,53;1426;#REF!
631323;SC;SC631323;R1;4625;0,25;0,23;16609;73589;14/11/2025;15/11/2025;2,44;<=2,499;1,22;3/2/25;9,43;1426;#REF!
633023;SC;SC633023;R3;4625;0,34;0,31;23008;74219;14/11/2025;15/11/2025;2,51;2,5 a 2,59;1,26;10/12/24;11,27;1426;#REF!
700624;PC;PC700624;R0;4725;0,18;0,16;8507;52254;18/11/2025;19/11/2025;2,98;2,9 a 2,99;1,70;15/12/24;11,33;1526;5/12/2025
700924;PC;PC700924;R1;4725;0,76;0,69;51397;74260;21/11/2025;22/11/2025;2,97;2,9 a 2,99;1,69;15/12/24;11,33;1526;5/12/2025
701524;PC;PC701524;R2;4725;0,35;0,30;20905;70792;18/11/2025;19/11/2025;2,95;2,9 a 2,99;1,68;22/12/24;11,10;1526;5/12/2025
620823;SC;SC620823;R2;4725;0,48;0,43;30776;71856;18/11/2025;19/11/2025;2,51;2,5 a 2,59;1,23;27/11/24;11,93;1526;5/12/2025
621023;SC;SC621023;R4;4725;0,16;0,15;10415;71336;18/11/2025;19/11/2025;2,40;<=2,499;1,18;18/11/24;12,23;1526;5/12/2025
621523;SC;SC621523;R2;4725;0,26;0,23;16747;72567;18/11/2025;19/11/2025;2,43;<=2,499;1,19;18/11/24;12,23;1526;5/12/2025
621623;SC;SC621623;R1;4725;0,25;0,23;16369;71496;18/11/2025;19/11/2025;2,41;<=2,499;1,18;30/10/24;12,90;1526;5/12/2025
621723;SC;SC621723;R2;4725;0,44;0,39;28413;72867;18/11/2025;19/11/2025;2,40;<=2,499;1,18;18/11/24;12,23;1526;5/12/2025
621923;SC;SC621923;R4;4725;0,27;0,25;18294;73630;18/11/2025;19/11/2025;2,35;<=2,499;1,15;30/10/24;13,03;1526;5/12/2025
622023;SC;SC622023;R1;4725;0,13;0,12;8883;73093;21/11/2025;22/11/2025;2,38;<=2,499;1,17;2/12/24;11,77;1526;5/12/2025
622123;SC;SC622123;R2;4725;0,45;0,41;30319;74130;21/11/2025;22/11/2025;2,42;<=2,499;1,19;2/12/24;11,77;1526;5/12/2025
622223;SC;SC622223;R2;4725;0,48;0,43;30338;71171;21/11/2025;22/11/2025;2,39;<=2,499;1,17;18/11/24;12,23;1526;5/12/2025
622323;SC;SC622323;R0;4725;0,12;0,11;7789;73773;21/11/2025;22/11/2025;2,34;<=2,499;1,15;27/11/24;11,93;1526;5/12/2025
622423;SC;SC622423;R0;4725;0,15;0,14;10128;74471;21/11/2025;22/11/2025;2,44;<=2,499;1,20;2/12/24;11,77;1526;5/12/2025
622523;SC;SC622523;R1;4725;0,15;0,14;10308;73629;21/11/2025;22/11/2025;2,37;<=2,499;1,16;27/11/24;11,93;1526;5/12/2025
622723;SC;SC622723;R1;4725;0,11;0,10;7048;73417;21/11/2025;22/11/2025;2,47;<=2,499;1,21;27/11/24;11,93;1526;5/12/2025
623523;SC;SC623523;R2;4725;0,26;0,23;17188;73768;21/11/2025;22/11/2025;2,57;2,5 a 2,59;1,26;27/11/24;11,93;1526;5/12/2025
630523;SC;SC630523;R3;4725;0,12;0,10;7481;71541;18/11/2025;19/11/2025;2,54;2,5 a 2,59;1,27;2/12/24;11,77;1526;5/12/2025
631123;SC;SC631123;R3;4725;0,46;0,41;30295;73644;18/11/2025;19/11/2025;2,66;2,6 a 2,69;1,33;10/12/24;11,50;1526;5/12/2025
632823;SC;SC632823;R2;4725;0,40;0,36;26410;72956;21/11/2025;22/11/2025;2,48;<=2,499;1,24;23/12/24;11,07;1526;5/12/2025
632923;SC;SC632923;R3;4725;0,42;0,38;27906;74021;21/11/2025;22/11/2025;2,57;2,5 a 2,59;1,29;10/12/24;11,50;1526;5/12/2025
633123;SC;SC633123;R4;4725;0,29;0,25;18517;73480;18/11/2025;19/11/2025;2,60;2,6 a 2,69;1,30;10/12/24;11,50;1526;5/12/2025
710724;PC;PC710724;R1;4825;0,72;0,66;45161;68426;27/11/2025;28/11/2025;2,81;2,8 a 2,89;1,60;29/12/24;11,10;1626;15/12/2025
710924;PC;PC710924;R3;4825;0,03;0,03;2323;77433;27/11/2025;28/11/2025;3,04;>=3,0;1,73;5/1/25;10,90;1626;15/12/2025
711024;PC;PC711024;R3;4825;0,15;0,13;9504;71079;29/11/2025;30/11/2025;2,71;2,7 a 2,79;1,54;5/1/25;10,87;1626;15/12/2025
711124;PC;PC711124;R4;4825;0,24;0,22;13490;60862;29/11/2025;30/11/2025;2,74;2,7 a 2,79;1,56;5/1/25;10,87;1626;15/12/2025
711224;PC;PC711224;R3;4825;0,15;0,13;9622;72351;29/11/2025;30/11/2025;2,64;2,6 a 2,69;1,50;5/1/25;10,87;1626;15/12/2025
711624;PC;PC711624;R0;4825;0,07;0,06;3283;54717;27/11/2025;28/11/2025;2,56;2,5 a 2,59;1,46;5/1/25;10,90;1626;15/12/2025
711724;PC;PC711724;R3;4825;0,34;0,31;22352;71864;29/11/2025;30/11/2025;2,63;2,6 a 2,69;1,50;5/1/25;10,87;1626;15/12/2025
630923;SC;SC630923;R3;4825;0,25;0,22;16069;73041;27/11/2025;28/11/2025;2,38;<=2,499;1,19;3/2/25;9,90;1626;15/12/2025
631023;SC;SC631023;R2;4825;0,48;0,43;31803;73960;27/11/2025;28/11/2025;2,57;2,5 a 2,59;1,29;10/12/24;11,70;1626;15/12/2025
631223;SC;SC631223;R1;4825;0,25;0,23;16499;71735;27/11/2025;28/11/2025;2,54;2,5 a 2,59;1,27;2/12/24;12,00;1626;15/12/2025
631423;SC;SC631423;R2;4825;0,50;0,45;33086;73524;27/11/2025;28/11/2025;2,51;2,5 a 2,59;1,26;23/12/24;11,30;1626;15/12/2025
631523;SC;SC631523;R2;4825;0,47;0,41;29966;73088;27/11/2025;28/11/2025;2,49;<=2,499;1,25;3/2/25;9,90;1626;15/12/2025
631823;SC;SC631823;R3;4825;0,51;0,46;33757;73385;27/11/2025;28/11/2025;2,32;<=2,499;1,16;10/12/24;11,70;1626;15/12/2025
631923;SC;SC631923;R2;4825;0,53;0,48;35225;74002;27/11/2025;28/11/2025;2,48;<=2,499;1,24;23/12/24;11,30;1626;15/12/2025
632423;SC;SC632423;R2;4825;0,46;0,41;29767;73307;27/11/2025;28/11/2025;2,41;<=2,499;1,21;23/12/24;11,30;1626;15/12/2025
632523;SC;SC632523;R3;4825;0,47;0,42;29537;71119;27/11/2025;28/11/2025;2,39;<=2,499;1,20;23/12/24;11,30;1626;15/12/2025
632623;SC;SC632623;R1;4825;0,36;0,32;23998;74297;27/11/2025;28/11/2025;2,38;<=2,499;1,19;23/12/24;11,30;1626;15/12/2025
632723;SC;SC632723;R1;4825;0,27;0,24;16955;69665;27/11/2025;28/11/2025;2,59;2,5 a 2,59;1,30;3/2/25;9,90;1626;15/12/2025
633723;SC;SC633723;R0;4825;0,25;0,22;15982;73830;27/11/2025;28/11/2025;2,64;2,6 a 2,69;1,32;23/12/24;11,30;1626;15/12/2025
634023;SC;SC634023;R0;4825;0,10;0,09;6774;73904;27/11/2025;28/11/2025;2,49;<=2,499;1,25;23/12/24;11,30;1626;15/12/2025
710124;PC;PC710124;R2;4925;0,35;0,32;21947;68823;1/12/2025;2/12/2025;2,81;2,8 a 2,89;1,60;22/12/24;11,57;1726;#REF!
710224;PC;PC710224;R0;4925;0,36;0,33;22497;68549;1/12/2025;2/12/2025;2,83;2,8 a 2,89;1,61;22/12/24;11,57;1726;#REF!
710424;PC;PC710424;R2;4925;0,57;0,53;36938;70002;1/12/2025;2/12/2025;2,74;2,7 a 2,79;1,56;29/12/24;11,33;1726;#REF!
710824;PC;PC710824;R2;4925;0,82;0,75;54529;72841;3/12/2025;4/12/2025;2,75;2,7 a 2,79;1,57;5/1/25;11,10;1726;#REF!
712324;PC;PC712324;R3;4925;0,35;0,32;21723;68176;1/12/2025;2/12/2025;2,69;2,6 a 2,69;1,53;12/1/25;10,87;1726;#REF!
712425;PC;PC712425;R2;4925;0,09;0,08;5550;71873;3/12/2025;4/12/2025;2,65;2,6 a 2,69;1,51;12/1/25;10,87;1726;#REF!
712625;PC;PC712625;R1;4925;0,63;0,59;40895;68745;3/12/2025;4/12/2025;2,56;2,5 a 2,59;1,46;12/1/25;10,87;1726;#REF!
631623;SC;SC631623;R3;4925;0,27;0,25;18200;74286;1/12/2025;2/12/2025;2,46;<=2,499;1,28;10/12/24;11,97;1726;#REF!
631723;SC;SC631723;R0;4925;0,13;0,12;8657;73364;1/12/2025;2/12/2025;2,48;<=2,499;1,29;3/2/25;10,13;1726;#REF!
632023;SC;SC632023;R1;4925;0,25;0,23;16879;74031;1/12/2025;2/12/2025;2,37;<=2,499;1,23;23/12/24;11,53;1726;#REF!
632123;SC;SC632123;R4;4925;0,16;0,14;10512;74028;1/12/2025;2/12/2025;2,29;<=2,499;1,19;10/12/24;11,97;1726;#REF!
632223;SC;SC632223;R1;4925;0,15;0,13;9882;74301;1/12/2025;2/12/2025;2,15;<=2,499;1,12;23/12/24;11,53;1726;#REF!
632323;SC;SC632323;R1;4925;0,12;0,10;7532;74032;1/12/2025;2/12/2025;2,33;<=2,499;1,21;23/12/24;11,53;1726;#REF!
633223;SC;SC633223;R2;4925;0,52;0,46;34444;74393;1/12/2025;2/12/2025;2,62;2,6 a 2,69;1,36;23/12/24;11,53;1726;#REF!
633323;SC;SC633323;R1;4925;0,18;0,16;11002;68763;1/12/2025;2/12/2025;2,41;<=2,499;1,25;23/12/24;11,53;1726;#REF!
633423;SC;SC633423;R0;4925;0,03;0,03;2030;74632;1/12/2025;2/12/2025;2,67;2,6 a 2,69;1,39;23/12/24;11,53;1726;#REF!
633523;SC;SC633523;R1;4925;0,17;0,15;10522;71167;1/12/2025;2/12/2025;2,60;2,6 a 2,69;1,35;23/12/24;11,53;1726;#REF!
633623;SC;SC633623;R0;4925;0,38;0,34;24838;72854;1/12/2025;2/12/2025;2,49;<=2,499;1,29;3/2/25;10,13;1726;#REF!
633823;SC;SC633823;R2;4925;0,30;0,27;20089;73990;1/12/2025;2/12/2025;2,71;2,7 a 2,79;1,41;3/2/25;10,13;1726;#REF!
633923;SC;SC633923;R3;4925;0,33;0,29;21477;74107;1/12/2025;2/12/2025;2,71;2,7 a 2,79;1,41;10/12/24;11,97;1726;#REF!
634123;SC;SC634123;R1;4925;0,27;0,24;17153;72090;1/12/2025;2/12/2025;2,46;<=2,499;1,28;3/2/25;10,13;1726;#REF!
710324;PC;PC710324;R1;5025;0,52;0,49;33981;69686;10/12/2025;11/12/2025;2,78;2,7 a 2,79;1,58;22/12/24;11,80;1826;#REF!
710524;PC;PC710524;R3;5025;0,62;0,57;39147;68524;10/12/2025;11/12/2025;2,86;2,8 a 2,89;1,63;29/12/24;11,60;1826;#REF!
710624;PC;PC710624;R0;5025;0,58;0,54;37193;69173;10/12/2025;11/12/2025;2,66;2,6 a 2,69;1,52;29/12/24;11,60;1826;#REF!
711324;PC;PC711324;R0;5025;0,10;0,09;6861;78456;10/12/2025;11/12/2025;2,81;2,8 a 2,89;1,60;5/1/25;11,30;1826;#REF!
711424;PC;PC711424;R1;5025;0,58;0,53;32859;61936;10/12/2025;11/12/2025;2,67;2,6 a 2,69;1,52;5/1/25;11,30;1826;#REF!
711524;PC;PC711524;R2;5025;0,48;0,43;29379;68029;12/12/2025;13/12/2025;2,71;2,7 a 2,79;1,54;5/1/25;11,30;1826;#REF!
711824;PC;PC711824;R1;5025;0,44;0,40;27268;68346;12/12/2025;13/12/2025;2,69;2,6 a 2,69;1,53;12/1/25;11,10;1826;#REF!
712025;PC;PC712025;R3;5025;0,23;0,21;14305;68282;12/12/2025;13/12/2025;2,69;2,6 a 2,69;1,53;12/1/25;11,10;1826;#REF!
712124;PC;PC712124;R2;5025;0,46;0,42;28689;68122;12/12/2025;13/12/2025;2,73;2,7 a 2,79;1,56;12/1/25;11,10;1826;#REF!
650323;SC;SC650323;R2;5025;0,36;0,32;23154;72273;10/12/2025;11/12/2025;2,49;<=2,499;1,25;7/1/25;11,30;1826;#REF!
650423;SC;SC650423;R2;5025;0,28;0,26;17718;69279;10/12/2025;11/12/2025;2,46;<=2,499;1,23;7/1/25;11,30;1826;#REF!
651123;SC;SC651123;R2;5025;0,42;0,37;26632;71165;10/12/2025;11/12/2025;2,41;<=2,499;1,21;14/1/25;11,00;1826;#REF!
651223;SC;SC651223;R2;5025;0,43;0,39;27414;70455;10/12/2025;11/12/2025;2,45;<=2,499;1,23;14/1/25;11,00;1826;#REF!
652123;SC;SC652123;R2;5025;0,48;0,51;36611;71625;10/12/2025;11/12/2025;2,37;<=2,499;1,19;3/2/25;11,00;1826;#REF!
712825;PC;PC712825;R3;5125;0,80;0,74;50649;68310;16/12/2025;19/12/2025;2,88;2,8 a 2,89;1,64;12/1/25;11,33;1926;#REF!
712925;PC;PC712925;R1;5125;0,78;0,71;49192;68932;16/12/2025;19/12/2025;2,80;2,8 a 2,89;1,60;12/1/25;11,33;1926;#REF!
750225;PC;PC750225;R2;5125;0,38;0,35;25019;71636;16/12/2025;19/12/2025;2,81;2,8 a 2,89;1,60;19/1/25;11,10;1926;#REF!
190423;SC;SC190423;R4;5125;0,05;0,04;2760;68759;16/12/2025;18/12/2025;3,00;>=3,0;1,65;3/2/25;10,60;1926;#REF!
191023;SC;SC191023;R3;5125;0,46;0,41;28214;68811;16/12/2025;18/12/2025;3,14;>=3,0;1,73;12/2/25;10,30;1926;#REF!
191123;SC;SC191123;R2;5125;0,48;0,44;30976;70511;16/12/2025;18/12/2025;3,16;>=3,0;1,74;12/2/25;10,30;1926;#REF!
750425;PC;PC750425;R4;5125;0,15;0,14;9710;69571;18/12/2025;19/12/2025;3,01;>=3,0;1,72;19/1/25;11,10;1926;#REF!
750525;PC;PC750525;R4;5125;0,04;0,04;2803;69622;18/12/2025;19/12/2025;3,19;>=3,0;1,82;9/2/25;10,40;1926;#REF!
750625;PC;PC750625;R4;5125;0,18;0,16;11342;69647;18/12/2025;19/12/2025;3,03;>=3,0;1,73;9/2/25;10,40;1926;#REF!
750825;PC;PC750825;R3;5125;0,35;0,32;21746;68500;18/12/2025;19/12/2025;2,86;2,8 a 2,89;1,63;9/2/25;10,40;1926;#REF!
750925;PC;PC750925;R1;5125;0,43;0,38;27220;70709;18/12/2025;19/12/2025;2,80;2,8 a 2,89;1,60;19/1/25;11,10;1926;#REF!
751025;PC;PC751025;R3;5125;0,51;0,47;32079;68288;18/12/2025;19/12/2025;2,82;2,8 a 2,89;1,61;9/2/25;10,40;1926;#REF!
191223;SC;SC191223;R4;5125;0,30;0,28;19236;69949;16/12/2025;19/12/2025;3,21;>=3,0;1,77;12/2/25;10,30;1926;#REF!
191523;SC;SC191523;R1;5125;0,21;0,19;13061;69194;16/12/2025;19/12/2025;2,97;2,9 a 2,99;1,63;28/2/25;9,77;1926;#REF!
191723;SC;SC191723;R1;5125;0,05;0,04;2656;69748;16/12/2025;19/12/2025;3,06;>=3,0;1,68;12/2/25;10,30;1926;#REF!
711924;PC;PC711924;R0;5225;0,05;0,04;2937;70822;22/12/2025;;2,75;2,7 a 2,79;1,57;12/1/25;11,57;2026;#REF!
712224;PC;PC712224;R1;5225;0,48;0,45;30603;68481;22/12/2025;;2,82;2,8 a 2,89;1,61;12/1/25;11,57;2026;#REF!
712525;PC;PC712525;R1;5225;0,07;0,06;4355;68121;25/12/2025;;2,84;2,8 a 2,89;1,62;12/1/25;11,57;2026;#REF!
712725;PC;PC712725;R2;5225;0,65;0,60;43410;72278;25/12/2025;;2,81;2,8 a 2,89;1,60;12/1/25;11,57;2026;#REF!
190123;SC;SC190123;R4;5225;0,08;0,07;4892;69677;22/12/2025;;2,90;2,9 a 2,99;1,60;3/2/25;10,83;2026;#REF!
190223;SC;SC190223;R2;5225;0,54;0,49;34268;70561;22/12/2025;;3,05;>=3,0;1,68;28/2/25;10,00;2026;#REF!
190323;SC;SC190323;R3;5225;0,50;0,44;32158;72332;22/12/2025;;2,97;2,9 a 2,99;1,63;12/2/25;10,53;2026;#REF!
190623;SC;SC190623;R1;5225;0,06;0,05;3695;68783;22/12/2025;;2,88;2,8 a 2,89;1,58;3/2/25;10,83;2026;#REF!
190723;SC;SC190723;R4;5225;0,10;0,09;6402;71941;22/12/2025;;2,94;2,9 a 2,99;1,62;3/2/25;10,83;2026;#REF!
190823;SC;SC190823;R1;5225;0,23;0,21;14363;68142;22/12/2025;;2,96;2,9 a 2,99;1,63;28/2/25;10,00;2026;#REF!
190923;SC;SC190923;R2;5225;0,48;0,43;30714;71160;22/12/2025;;3,12;>=3,0;1,72;12/2/25;10,53;2026;#REF!
191323;SC;SC191323;R1;5225;0,03;0,03;2006;71084;22/12/2025;;3,14;>=3,0;1,73;12/2/25;10,53;2026;#REF!
191423;SC;SC191423;R3;5225;0,31;0,28;19214;68343;22/12/2025;;2,96;2,9 a 2,99;1,63;28/2/25;10,00;2026;#REF!
191623;SC;SC191623;R1;5225;0,20;0,19;13342;71439;22/12/2025;;2,85;2,8 a 2,89;1,57;12/2/25;10,53;2026;#REF!
191823;SC;SC191823;R1;5225;0,13;0,12;8205;69141;22/12/2025;;2,95;2,9 a 2,99;1,62;12/2/25;10,53;2026;#REF!
191923;SC;SC191923;R2;5225;0,24;0,21;14429;68361;22/12/2025;;2,88;2,8 a 2,89;1,58;28/2/25;10,00;2026;#REF!
192923;SC;SC192923;R2;5225;0,13;0,12;8768;73600;22/12/2025;;2,84;2,8 a 2,89;1,56;12/2/25;10,53;2026;#REF!
193023;SC;SC193023;R1;5225;0,16;0,14;10027;69497;22/12/2025;;2,97;2,9 a 2,99;1,63;12/2/25;10,53;2026;#REF!
193223;SC;SC193223;R1;5225;0,02;0,02;1133;70813;22/12/2025;;2,99;2,9 a 2,99;1,64;28/2/25;10,00;2026;#REF!
193323;SC;SC193323;R3;5225;0,16;0,14;9802;70014;22/12/2025;;2,92;2,9 a 2,99;1,61;12/2/25;10,53;2026;#REF!
193423;SC;SC193423;R2;5225;0,44;0,40;29125;73624;22/12/2025;;2,88;2,8 a 2,89;1,58;12/2/25;10,53;2026;#REF!
750325;PC;PC750325;R2;0126;0,34;0,31;21370;68489;30/12/2025;;2,91;2,9 a 2,99;1,66;19/1/25;11,62;2126;#REF!
750725;PC;PC750725;R2;0126;0,33;0,30;20839;69065;30/12/2025;;2,91;2,9 a 2,99;1,66;9/2/25;10,92;2126;#REF!
751125;PC;PC751125;R2;0126;0,56;0,51;35808;69847;31/12/2025;;2,91;2,9 a 2,99;1,66;9/2/25;10,92;2126;#REF!
751225;PC;PC751225;R1;0126;0,65;0,60;40776;68250;31/12/2025;;2,82;2,8 a 2,89;1,60;9/2/25;10,92;2126;#REF!
190523;SC;SC190523;R1;0126;0,20;0,18;12354;70193;30/12/2025;;2,63;2,6 a 2,69;1,39;12/2/25;10,82;2126;#REF!
192023;SC;SC192023;R3;0126;0,35;0,31;21664;68893;30/12/2025;;2,77;2,7 a 2,79;1,60;3/2/25;11,12;2126;#REF!
192123;SC;SC192123;R2;0126;0,23;0,21;14717;69964;30/12/2025;;2,81;2,8 a 2,89;1,59;12/2/25;10,82;2126;#REF!
192223;SC;SC192223;R4;0126;0,20;0,18;12519;69330;30/12/2025;;2,80;2,8 a 2,89;1,58;12/2/25;10,82;2126;#REF!
192323;SC;SC192323;R3;0126;0,43;0,38;26490;68845;30/12/2025;;2,74;2,7 a 2,79;1,58;28/2/25;10,28;2126;#REF!
192423;SC;SC192423;R2;0126;0,53;0,47;34422;72499;30/12/2025;;2,80;2,8 a 2,89;1,58;28/2/25;10,28;2126;#REF!
192523;SC;SC192523;R3;0126;0,60;0,54;39130;71954;30/12/2025;;2,76;2,7 a 2,79;1,59;28/2/25;10,28;2126;#REF!
192623;SC;SC192623;R2;0126;0,77;0,70;48460;69378;30/12/2025;;2,87;2,8 a 2,89;1,62;12/2/25;10,82;2126;#REF!
192723;SC;SC192723;R4;0126;0,09;0,08;5508;67824;30/12/2025;;2,84;2,8 a 2,89;1,60;28/2/25;10,28;2126;#REF!
192823;SC;SC192823;R1;0126;0,42;0,42;29256;68927;30/12/2025;;2,78;2,7 a 2,79;1,60;28/2/25;10,28;2126;#REF!
193123;SC;SC193123;R3;0126;0,25;0,23;16721;73791;30/12/2025;;2,85;2,8 a 2,89;1,61;28/2/25;10,28;2126;#REF!
193723;SC;SC193723;R4;0126;0,18;0,17;11703;70078;30/12/2025;;2,72;2,7 a 2,79;1,46;12/2/25;10,82;2126;#REF!

